5,8,6.11107,-2.30681,0
7,8,6.10787,-2.30556,0
11,8,6.1089,-2.30602,0
14,8,6.0964,-2.30135,0
17,8,6.10337,-2.30388,0
17,8,6.10867,-2.30592,0
4,8,6.11107,-2.30681,0
8,8,6.10787,-2.30556,0
10,8,6.1089,-2.30602,0
13,8,6.10998,-2.30639,0
16,8,6.11083,-2.30675,0
19,8,6.10297,-2.3039,0
22,8,6.11256,-2.30736,0
24,8,6.11104,-2.30682,0
27,8,6.10565,-2.30477,0
30,8,6.10705,-2.3052,0
57,115,1.7826,-0.978625,0
60,115,1.78496,-0.992459,0
63,115,1.7831,-0.985546,0
66,115,1.78334,-0.987403,0
68,115,1.78159,-0.984374,0
109,70,2.71574,-1.41631,0
111,124,4.14887,-0.222739,0
111,70,2.6507,-1.38693,0
111,12,4.4966,0.576313,0
113,114,1.31108,0.467123,0
116,114,1.2366,0.411511,0
118,114,1.19194,0.37754,0
120,114,1.155,0.346417,0
123,114,1.11976,0.318355,0
157,134,0.72547,0.0163525,0
186,8,5.02976,-1.46479,0
189,8,4.96922,-1.41821,0
192,8,4.91795,-1.39139,0
192,132,4.75757,0.0553972,0
194,8,4.846,-1.37977,0
194,132,4.70041,0.0636211,0
197,8,4.80083,-1.38324,0
197,132,4.63974,0.0641293,0
200,15,2.18702,1.26524,0
200,19,3.03127,1.30839,0
200,8,4.74974,-1.39344,0
200,132,4.59365,0.0535285,0
203,15,2.16554,1.2626,0
203,19,3.00916,1.30482,0
203,8,4.71862,-1.40015,0
203,132,4.56987,0.045165,0
206,15,2.12834,1.24824,0
206,19,2.96604,1.28369,0
206,8,4.67767,-1.42873,0
206,132,4.51595,0.0166532,0
208,15,2.09218,1.23029,0
208,19,2.92877,1.25807,0
208,132,4.47554,-0.0246411,0
211,15,2.05309,1.19926,0
214,15,2.02866,1.17366,0
216,15,1.98922,1.12192,0
257,15,1.49476,-0.211763,0
259,15,1.49109,-0.220602,0
262,15,1.4922,-0.21639,0
263,15,1.49236,-0.200223,0
272,15,1.48885,-0.00102085,0
272,19,2.29895,-0.432581,0
272,132,3.75118,-2.41904,0
275,15,1.48516,-0.00424574,0
275,19,2.30714,-0.439334,0
275,132,3.74163,-2.42094,0
277,15,1.47855,-0.0022215,0
277,19,2.28493,-0.433774,0
277,132,3.74301,-2.42209,0
279,15,1.47244,-0.00286613,0
279,19,2.28446,-0.435805,0
279,132,3.73094,-2.41922,0
281,15,1.46879,0.0123514,0
281,19,2.27884,-0.414964,0
281,132,3.73157,-2.39387,0
284,15,1.46528,0.0202046,0
284,19,2.27758,-0.404899,0
284,132,3.72942,-2.3802,0
286,15,1.45838,0.02286,0
286,19,2.26784,-0.400988,0
286,132,3.72715,-2.37825,0
303,15,1.18265,0.409149,0
303,19,1.93534,0.108657,0
303,132,3.47461,-1.69074,0
306,15,1.1476,0.412242,0
306,19,1.89759,0.108354,0
306,132,3.43393,-1.69286,0
308,15,1.11237,0.40588,0
308,19,1.85721,0.0951793,0
310,15,1.06532,0.387276,0
310,19,1.80152,0.0619813,0
312,15,1.03682,0.369903,0
314,15,1.01385,0.350006,0
317,15,0.98132,0.322903,0
319,15,0.958986,0.30696,0
321,15,0.932885,0.290908,0
323,15,0.904983,0.2789,0
325,15,0.880751,0.270961,0
329,19,1.45861,-0.179181,0
332,19,1.42046,-0.189199,0
334,19,1.37397,-0.191992,0
336,19,1.31032,-0.177589,0
338,19,1.28754,-0.160857,0
340,19,1.27418,-0.140873,0
359,132,2.65755,-1.32921,0
361,132,2.61825,-1.27891,0
363,132,2.56459,-1.23399,0
366,19,0.946831,0.424203,0
366,132,2.49591,-1.21019,0
368,19,0.932792,0.432372,0
368,132,2.46277,-1.21684,0
370,132,2.42775,-1.22182,0
373,132,2.40968,-1.22268,0
375,132,2.39716,-1.2229,0
378,132,2.3794,-1.18912,0
402,8,2.4103,-1.25653,0
405,132,1.85917,0.199548,0
405,8,2.34188,-1.21824,0
408,132,1.75665,0.236091,0
408,8,2.22854,-1.18323,0
410,132,1.66059,0.261232,0
410,8,2.12738,-1.16047,0
413,132,1.58481,0.274358,0
413,8,2.0567,-1.14955,0
413,136,5.69607,2.17308,0
416,132,1.53468,0.27938,0
416,8,2.00376,-1.14656,0
419,132,1.48001,0.286578,0
419,8,1.94873,-1.13987,0
422,132,1.42638,0.301025,0
422,8,1.89035,-1.12758,0
425,132,1.35634,0.312604,0
425,8,1.82209,-1.1195,0
427,132,1.29742,0.31792,0
427,8,1.76985,-1.11482,0
430,132,1.20386,0.325952,0
433,132,1.11084,0.330398,0
436,132,1.03097,0.336838,0
439,132,0.97357,0.352844,0
442,132,0.929978,0.370812,0
445,132,0.898349,0.404379,0
456,8,1.21746,-0.78647,0
459,8,1.17126,-0.716622,0
482,8,1.21285,0.308811,0
482,9,2.14168,-0.346955,0
482,10,2.59302,-1.40924,0
508,8,1.23805,-0.629633,0
511,8,1.26273,-0.658216,0
514,8,1.29158,-0.659752,0
518,8,1.36274,-0.66053,0
527,8,1.56986,-0.536031,0
531,8,1.63083,-0.49682,0
534,8,1.68035,-0.46159,0
537,8,1.72883,-0.435268,0
540,8,1.77171,-0.406455,0
543,8,1.7958,-0.38919,0
543,9,2.8207,-1.36716,0
546,8,1.79334,-0.386655,0
546,9,2.8181,-1.36369,0
549,8,1.79258,-0.39039,0
549,9,2.81726,-1.36823,0
552,8,1.79321,-0.391571,0
552,9,2.8187,-1.37042,0
555,8,1.77642,-0.379376,0
555,9,2.80233,-1.35477,0
559,8,1.71449,-0.396799,0
562,8,1.63755,-0.401592,0
562,9,2.66874,-1.38572,0
564,8,1.57082,-0.364143,0
564,9,2.59817,-1.3322,0
568,8,1.50157,-0.339216,0
568,9,2.53849,-1.3031,0
571,8,1.44279,-0.327587,0
571,9,2.47558,-1.28565,0
574,8,1.37582,-0.325382,0
574,9,2.4031,-1.27923,0
577,8,1.29214,-0.326406,0
577,9,2.31917,-1.28151,0
580,8,1.23311,-0.33068,0
580,9,2.26056,-1.28774,0
584,8,1.17981,-0.33859,0
587,8,1.10756,-0.359956,0
591,8,1.04522,-0.373828,0
706,33,1.91085,0.799478,0
706,136,3.18782,-0.72238,0
709,33,1.89981,0.773779,0
747,33,1.47765,-0.473118,0
749,33,1.46574,-0.482944,0
751,33,1.45936,-0.482316,0
753,33,1.45404,-0.468155,0
755,33,1.44369,-0.462501,0
757,33,1.4339,-0.479339,0
759,33,1.42581,-0.485409,0
761,33,1.41247,-0.478542,0
763,33,1.39112,-0.478048,0
765,33,1.36519,-0.468395,0
767,33,1.33622,-0.451848,0
769,33,1.30766,-0.432144,0
771,33,1.2834,-0.408071,0
773,33,1.26131,-0.383666,0
775,33,1.23107,-0.340306,0
777,33,1.21593,-0.313747,0
779,33,1.20543,-0.29423,0
781,33,1.1956,-0.274739,0
783,33,1.18724,-0.257376,0
785,33,1.17961,-0.23988,0
787,33,1.17017,-0.2143,0
789,33,1.15953,-0.188005,0
791,33,1.15053,-0.163156,0
793,33,1.14221,-0.135037,0
795,33,1.12617,-0.0916428,0
820,136,2.31189,-1.17626,0
822,33,0.903016,0.472524,0
822,136,2.27188,-1.14016,0
825,139,2.82046,-1.11355,0
825,33,0.866344,0.483768,0
825,136,2.22862,-1.12788,0
827,33,0.809292,0.462308,0
829,33,0.768762,0.427439,0
831,33,0.726506,0.389328,0
833,33,0.683993,0.360233,0
835,33,0.64906,0.343267,0
846,136,1.92636,-1.22176,0
848,136,1.91941,-1.18664,0
850,136,1.90329,-1.14395,0
858,136,1.80143,-0.865671,0
861,136,1.77495,-0.814651,0
863,136,1.74226,-0.778044,0
865,136,1.69127,-0.735608,0
868,136,1.65815,-0.715068,0
870,136,1.611,-0.688723,0
873,136,1.58614,-0.677269,0
876,136,1.56083,-0.658467,0
878,136,1.55085,-0.652123,0
881,136,1.5459,-0.647343,0
883,136,1.54369,-0.639919,0
886,136,1.53966,-0.637125,0
888,136,1.53613,-0.631186,0
891,136,1.53128,-0.621847,0
893,136,1.5267,-0.61016,0
896,136,1.52581,-0.600003,0
899,136,1.52605,-0.600699,0
901,136,1.52606,-0.600022,0
904,136,1.5263,-0.60036,0
906,136,1.52664,-0.600518,0
908,136,1.52637,-0.599252,0
911,136,1.52489,-0.584791,0
913,136,1.5224,-0.538051,0
915,136,1.51945,-0.491782,0
939,136,1.13361,0.353249,0
942,136,1.04046,0.411525,0
946,136,0.981773,0.439794,0
949,136,0.91186,0.468621,0
952,136,0.879028,0.496214,0
1043,137,1.05884,0.254182,0
1046,137,1.05853,0.23643,0
1049,137,1.05879,0.258922,0
1144,20,1.74478,0.525616,0
1146,20,1.72832,0.494961,0
1149,20,1.70384,0.457744,0
1152,20,1.67836,0.421352,0
1155,20,1.65161,0.376901,0
1157,20,1.62262,0.330857,0
1160,20,1.60024,0.299232,0
1162,20,1.5668,0.252446,0
1165,20,1.53741,0.209166,0
1167,20,1.5225,0.186169,0
1170,20,1.50339,0.156292,0
1173,20,1.49276,0.140385,0
1176,20,1.48856,0.134384,0
1178,20,1.48217,0.136997,0
1181,20,1.46177,0.127951,0
1184,20,1.42289,0.108107,0
1186,20,1.37497,0.0937974,0
1189,20,1.34322,0.0915089,0
1192,20,1.29972,0.0981017,0
1194,20,1.27619,0.113613,0
1197,20,1.26318,0.122126,0
1200,20,1.2547,0.128196,0
1203,20,1.22725,0.138523,0
1206,20,1.18566,0.160312,0
1208,20,1.14279,0.18722,0
1211,20,1.10368,0.220696,0
1214,20,1.06359,0.256836,0
1217,20,1.03385,0.300241,0
1219,20,1.01756,0.330045,0
1222,20,1.00244,0.374048,0
1277,97,1.21504,0.25864,0
1280,97,1.19379,0.270864,0
1283,97,1.18372,0.279678,0
1286,97,1.18173,0.308002,0
1379,96,1.70489,-1.06462,0
1382,96,1.66885,-0.961264,0
1385,96,1.63288,-0.869768,0
1388,96,1.60216,-0.779239,0
1391,96,1.56765,-0.685223,0
1394,96,1.53102,-0.589468,0
1397,96,1.48931,-0.494107,0
1400,96,1.4613,-0.387405,0
1404,96,1.43551,-0.317593,0
1407,96,1.39176,-0.237316,0
1439,34,1.61099,-0.0889114,0
1442,34,1.57732,-0.0228404,0
1445,34,1.5326,0.0341016,0
1445,144,2.26077,-0.38743,0
1445,99,3.3116,-1.05542,0
1448,34,1.46357,0.0831515,0
1448,144,2.18695,-0.324129,0
1448,99,3.23817,-0.971922,0
1451,34,1.40185,0.13616,0
1451,144,2.11511,-0.256408,0
1454,34,1.3486,0.189208,0
1454,144,2.05486,-0.189054,0
1457,34,1.30621,0.241774,0
1457,144,2.00219,-0.122952,0
1460,34,1.25599,0.295797,0
1462,34,1.1954,0.353861,0
1466,34,1.11602,0.400071,0
1474,144,1.65533,0.280256,0
1474,99,2.65471,-0.144587,0
1477,144,1.59515,0.320295,0
1477,99,2.58421,-0.0892696,0
1480,144,1.53516,0.35705,0
1480,118,4.00354,-1.01223,0
1480,99,2.5205,-0.0383091,0
1483,144,1.47471,0.386806,0
1483,118,3.93697,-0.954356,0
1483,99,2.45025,0.00227024,0
1485,144,1.41879,0.413989,0
1485,118,3.87081,-0.899061,0
1485,99,2.39354,0.0404749,0
1488,144,1.36244,0.440483,0
1488,118,3.80728,-0.844839,0
1488,99,2.33109,0.0781144,0
1491,144,1.30765,0.462414,0
1491,118,3.76149,-0.803217,0
1491,99,2.26742,0.109463,0
1494,144,1.25646,0.478786,0
1494,118,3.71049,-0.771263,0
1494,99,2.21225,0.132485,0
1497,144,1.20791,0.496719,0
1497,118,3.66132,-0.735037,0
1497,99,2.1598,0.158186,0
1500,144,1.16912,0.509903,0
1500,118,3.6244,-0.709157,0
1500,99,2.11725,0.175805,0
1502,144,1.11354,0.527329,0
1502,118,3.5582,-0.671525,0
1502,99,2.06011,0.201492,0
1505,144,1.05634,0.543938,0
1505,118,3.50243,-0.637652,0
1505,99,1.99597,0.225557,0
1508,118,3.43818,-0.59879,0
1508,99,1.93183,0.251749,0
1510,118,3.38653,-0.569584,0
1510,99,1.86839,0.273249,0
1513,118,3.32054,-0.535658,0
1513,99,1.80489,0.296168,0
1516,118,3.27103,-0.510058,0
1516,99,1.75928,0.312709,0
1519,118,3.20776,-0.479023,0
1519,99,1.69314,0.334464,0
1521,118,3.14056,-0.446725,0
1521,99,1.62448,0.355353,0
1524,118,3.09698,-0.426593,0
1524,99,1.57983,0.368494,0
1526,118,3.03587,-0.405167,0
1526,99,1.51657,0.383737,0
1529,118,2.96887,-0.375582,0
1529,99,1.45047,0.402942,0
1531,118,2.92544,-0.366466,0
1531,99,1.40861,0.410068,0
1534,118,2.86816,-0.350573,0
1534,99,1.3494,0.421557,0
1537,118,2.80556,-0.329628,0
1537,99,1.2899,0.435465,0
1539,118,2.74043,-0.311102,0
1539,99,1.23227,0.448241,0
1542,118,2.70031,-0.293777,0
1542,99,1.19302,0.459629,0
1545,118,2.63812,-0.274288,0
1545,99,1.13843,0.473418,0
1547,118,2.57923,-0.25437,0
1547,99,1.08404,0.486907,0
1550,118,2.53785,-0.238572,0
1550,99,1.04606,0.496602,0
1553,118,2.47969,-0.216209,0
1553,99,0.994645,0.51211,0
1555,118,2.42059,-0.186607,0
1555,99,0.943991,0.530196,0
1558,118,2.37782,-0.166097,0
1560,118,2.31903,-0.128664,0
1563,118,2.25942,-0.0889706,0
1565,118,2.21637,-0.0631338,0
1568,118,2.16083,-0.0195614,0
1571,118,2.09961,0.0257494,0
1573,118,2.06079,0.0614338,0
1576,118,1.99787,0.116212,0
1578,118,1.95679,0.155245,0
1581,118,1.89351,0.214035,0
1583,118,1.83841,0.270641,0
1585,118,1.79447,0.303542,0
1588,118,1.76114,0.334766,0
1590,118,1.70008,0.376189,0
1593,118,1.66431,0.400042,0
1593,117,4.05745,-1.70845,0
1595,118,1.60372,0.43142,0
1595,117,4.00781,-1.65317,0
1598,149,4.00052,-1.56453,0
1598,118,1.55054,0.456247,0
1598,117,3.95462,-1.60872,0
1601,149,3.95476,-1.53249,0
1601,118,1.516,0.471154,0
1601,117,3.91713,-1.58097,0
1603,118,1.46289,0.487709,0
1603,149,3.93758,-1.51533,0
1603,117,3.86876,-1.55222,0
1606,118,1.42825,0.497272,0
1606,149,3.87993,-1.48865,0
1606,117,3.83516,-1.53464,0
1608,118,1.37663,0.504933,0
1608,149,3.85315,-1.48542,0
1608,117,3.77807,-1.51971,0
1610,118,1.3401,0.50982,0
1610,149,3.80325,-1.47226,0
1610,117,3.74707,-1.51432,0
1613,118,1.27665,0.518119,0
1613,149,3.73721,-1.45864,0
1613,117,3.68265,-1.50076,0
1615,118,1.2111,0.51799,0
1615,149,3.68196,-1.46764,0
1615,117,3.61678,-1.50794,0
1618,118,1.16669,0.519503,0
1618,149,3.63532,-1.46876,0
1618,117,3.57929,-1.51222,0
1620,118,1.10841,0.514356,0
1620,149,3.56594,-1.48059,0
1620,117,3.51529,-1.52709,0
1623,118,1.07075,0.510414,0
1623,149,3.54263,-1.49772,0
1623,117,3.47454,-1.53688,0
1625,118,1.01474,0.501389,0
1625,117,3.41425,-1.56061,0
1628,118,0.979763,0.496145,0
1628,117,3.3843,-1.57945,0
1630,118,0.931308,0.48598,0
1633,118,0.899955,0.479407,0
1635,118,0.851323,0.469817,0
1637,118,0.81867,0.463214,0
1649,117,2.9917,-1.76625,0
1651,149,2.99301,-1.71046,0
1651,117,2.92748,-1.75666,0
1654,149,2.947,-1.68926,0
1654,117,2.87982,-1.73472,0
1656,149,2.90565,-1.66458,0
1656,117,2.84435,-1.71374,0
1658,149,2.84509,-1.62694,0
1658,117,2.77344,-1.67243,0
1660,149,2.8037,-1.60051,0
1660,117,2.73681,-1.64973,0
1663,149,2.75884,-1.57445,0
1663,117,2.69615,-1.6275,0
1665,149,2.72123,-1.54918,0
1665,117,2.64822,-1.59757,0
1667,149,2.68219,-1.52608,0
1667,117,2.60617,-1.57385,0
1669,149,2.65305,-1.50865,0
1669,117,2.57379,-1.55474,0
1672,149,2.59971,-1.47897,0
1672,117,2.52365,-1.52801,0
1674,149,2.56886,-1.46245,0
1674,117,2.4931,-1.51204,0
1676,149,2.53152,-1.44114,0
1676,117,2.46046,-1.49456,0
1678,149,2.50315,-1.42656,0
1678,117,2.42544,-1.4774,0
1680,149,2.47315,-1.40035,0
1680,117,2.39622,-1.45443,0
1683,149,2.46556,-1.38563,0
1683,117,2.38054,-1.4366,0
1684,149,2.45583,-1.3697,0
1684,117,2.36953,-1.42054,0
1687,149,2.44418,-1.3524,0
1687,117,2.3599,-1.40447,0
1689,149,2.44074,-1.34174,0
1689,117,2.35474,-1.39293,0
1691,149,2.42247,-1.3053,0
1691,117,2.34469,-1.36112,0
1693,149,2.40593,-1.27475,0
1693,117,2.32993,-1.3314,0
1695,149,2.38082,-1.23346,0
1695,117,2.3157,-1.29541,0
1713,149,2.19427,-0.752071,0
1713,117,2.09707,-0.796702,0
1715,149,2.17345,-0.723782,0
1715,117,2.05773,-0.761787,0
1718,149,2.10652,-0.68708,0
1718,117,1.99585,-0.72867,0
1719,149,2.07728,-0.663849,0
1719,117,1.95789,-0.703863,0
1722,149,2.04131,-0.623191,0
1722,117,1.93174,-0.667327,0
1724,149,2.04445,-0.595926,0
1724,117,1.91809,-0.635537,0
1726,149,2.04802,-0.574947,0
1726,117,1.91222,-0.611747,0
1728,149,2.04388,-0.557777,0
1728,117,1.90579,-0.593565,0
1731,149,2.03261,-0.540744,0
1731,117,1.89759,-0.577668,0
1732,149,2.01011,-0.50826,0
1732,117,1.88975,-0.549055,0
1734,149,1.99159,-0.469881,0
1734,117,1.87893,-0.511798,0
1769,149,2.02978,0.466446,0
1769,117,1.66419,0.384678,0
1771,149,2.03265,0.505707,0
1771,117,1.65677,0.417455,0
1773,149,2.01095,0.541898,0
1773,117,1.64953,0.452599,0
1775,149,2.02123,0.61074,0
1775,117,1.64003,0.508641,0
1777,149,2.04966,0.661795,0
1777,117,1.6362,0.544644,0
1779,149,2.04311,0.70116,0
1779,117,1.62781,0.578415,0
1839,31,0.686027,0.353229,0
1842,31,0.66402,0.378635,0
1842,21,3.03136,-0.447807,0
1845,21,3.00207,-0.389451,0
1850,21,2.91022,-0.272321,0
1853,21,2.85418,-0.212244,0
1856,21,2.78684,-0.167336,0
1856,120,4.25087,-0.55377,0
1859,21,2.71337,-0.140017,0
1859,120,4.13704,-0.513722,0
1862,21,2.64954,-0.119229,0
1862,120,4.0789,-0.485369,0
1864,21,2.58661,-0.105428,0
1864,120,4.01658,-0.467422,0
1867,21,2.54152,-0.096247,0
1867,120,3.97111,-0.454275,0
1870,21,2.4816,-0.0912651,0
1870,120,3.92259,-0.44985,0
1873,21,2.42627,-0.0878459,0
1873,120,3.86907,-0.446783,0
1875,21,2.36744,-0.0783675,0
1875,120,3.81815,-0.436366,0
1878,21,2.32482,-0.0499797,0
1878,120,3.77098,-0.39755,0
1881,21,2.28736,-0.0098446,0
1884,21,2.26507,0.0208005,0
1887,21,2.23286,0.0797571,0
1890,21,2.20012,0.146647,0
1892,21,2.16361,0.218666,0
1896,21,2.12855,0.287468,0
1918,21,1.68082,0.844321,0
1921,21,1.60723,0.862654,0
1921,120,3.04585,0.984823,0
1924,21,1.53442,0.850696,0
1924,120,2.95455,0.958824,0
1926,21,1.46601,0.820679,0
1926,120,2.88684,0.901076,0
1929,21,1.39801,0.779616,0
1929,120,2.81826,0.83284,0
1932,21,1.33447,0.746597,0
1932,120,2.73763,0.767015,0
1935,21,1.27859,0.718952,0
1935,120,2.6778,0.711722,0
1938,21,1.23042,0.699248,0
1938,120,2.62879,0.671263,0
1941,21,1.19443,0.68229,0
1941,120,2.58748,0.638828,0
1944,21,1.16937,0.67159,0
1944,120,2.55877,0.617657,0
1946,21,1.15188,0.660262,0
1946,120,2.54038,0.596004,0
1949,21,1.13156,0.649485,0
1949,120,2.51742,0.573603,0
1952,21,1.11019,0.644237,0
1952,120,2.49262,0.560977,0
1955,120,2.43755,0.541144,0
1958,120,2.36526,0.519842,0
1961,120,2.29898,0.503697,0
1964,120,2.23964,0.49471,0
1964,35,5.8454,0.897983,0
1967,120,2.18018,0.484162,0
1969,120,2.13722,0.482841,0
1972,37,1.34069,0.687289,0
1972,120,2.09883,0.484404,0
1972,35,5.74764,0.874812,0
1975,37,1.29391,0.691467,0
1975,120,2.04495,0.489033,0
1975,35,5.68356,0.882829,0
1978,37,1.24617,0.697157,0
1978,120,1.99624,0.496502,0
1981,37,1.2026,0.714169,0
1981,120,1.93691,0.513368,0
1984,120,1.87399,0.529569,0
1987,177,5.13796,0.165172,0
1987,120,1.80884,0.547292,0
1989,120,1.7431,0.565695,0
1992,120,1.69801,0.578781,0
1995,177,5.03124,0.265097,0
1995,120,1.63116,0.595763,0
1998,120,1.56044,0.609286,0
1998,35,5.2268,1.13923,0
2001,177,4.87221,0.313372,0
2001,120,1.48536,0.62154,0
2001,35,5.14802,1.16357,0
2003,177,4.7775,0.324979,0
2003,120,1.40927,0.629933,0
2003,35,5.11787,1.1889,0
2006,120,1.33795,0.63485,0
2006,177,4.71932,0.328319,0
2006,35,5.01365,1.18443,0
2009,120,1.27415,0.632899,0
2009,177,4.62334,0.31602,0
2009,35,4.9339,1.1718,0
2011,120,1.24024,0.627142,0
2011,177,4.64648,0.298883,0
2011,35,4.93139,1.15788,0
2014,120,1.19756,0.613295,0
2014,177,4.51603,0.246087,0
2014,35,4.88746,1.1077,0
2017,120,1.15453,0.593524,0
2017,35,4.8504,1.04921,0
2020,120,1.12354,0.576949,0
2020,35,4.83058,0.987128,0
2023,120,1.07811,0.54924,0
2023,35,4.74884,0.896891,0
2025,120,1.03498,0.527395,0
2028,120,0.999171,0.520694,0
2028,35,4.70867,0.798834,0
2031,120,0.935299,0.530475,0
2031,35,4.63925,0.81245,0
2031,32,3.12231,1.14191,0
2034,35,4.56663,0.831358,0
2034,32,3.05294,1.15639,0
2036,35,4.50205,0.84594,0
2036,32,2.96528,1.15477,0
2039,35,4.42075,0.869804,0
2039,32,2.95606,1.19145,0
2042,35,4.39415,0.891543,0
2042,32,2.92093,1.20412,0
2044,35,4.35082,0.935437,0
2044,32,2.87073,1.23117,0
2047,32,2.83019,1.2735,0
2058,35,4.10389,1.24706,0
2063,35,3.97199,1.32587,0
2065,35,3.96251,1.38778,0
2068,35,3.84749,1.40349,0
2071,35,3.79535,1.41474,0
2074,35,3.70777,1.40856,0
2076,35,3.66178,1.41666,0
2079,35,3.5818,1.39735,0
2082,35,3.54075,1.37759,0
2084,35,3.48125,1.33308,0
2087,35,3.37472,1.24861,0
2090,35,3.33828,1.20004,0
2104,32,1.62238,0.947808,0
2106,32,1.57833,0.879782,0
2109,32,1.5138,0.773414,0
2114,32,1.42607,0.591411,0
2121,32,1.3009,0.342647,0
2124,32,1.24941,0.252051,0
2126,32,1.21451,0.202984,0
2129,32,1.16163,0.145497,0
2131,32,1.12501,0.119442,0
2131,35,2.4669,-1.00374,0
2134,32,1.0712,0.0947701,0
2134,35,2.41387,-1.04443,0
2136,32,1.02647,0.0887062,0
2136,35,2.36643,-1.05391,0
2139,32,1.01286,0.0985101,0
2139,35,2.35281,-1.03919,0
2141,32,1.01145,0.158689,0
2275,150,6.20323,-2.01146,0
2278,33,5.09634,2.09584,0
2299,33,4.70211,1.321,0
2301,33,4.64407,1.29271,0
2304,33,4.58553,1.27999,0
2307,33,4.49047,1.26,0
2309,33,4.43966,1.24753,0
2311,33,4.37318,1.22377,0
2311,138,4.80198,2.61843,0
2323,33,4.038,0.896651,0
2325,33,3.9586,0.827093,0
2325,138,4.39171,2.19565,0
2327,33,3.91142,0.802405,0
2327,138,4.37776,2.18876,0
2329,33,3.8321,0.768233,0
2329,138,4.26688,2.13613,0
2332,33,3.76622,0.763882,0
2334,33,3.71307,0.761577,0
2336,33,3.63174,0.766128,0
2338,33,3.55739,0.765598,0
2345,33,3.35524,0.795759,0
2347,33,3.28061,0.795779,0
2349,33,3.22742,0.80753,0
2351,33,3.15375,0.808621,0
2353,33,3.09775,0.817407,0
2355,33,2.97618,0.817482,0
2358,33,2.9436,0.830174,0
2360,33,2.88591,0.83054,0
2362,33,2.82194,0.831083,0
2364,33,2.74198,0.826306,0
2366,33,2.66396,0.834255,0
2368,33,2.59708,0.83589,0
2371,33,2.53288,0.838851,0
2373,33,2.47054,0.837267,0
2374,33,2.41028,0.841472,0
2377,33,2.34491,0.83469,0
2379,33,2.25725,0.829567,0
2381,33,2.20331,0.823303,0
2383,33,2.14677,0.816423,0
2385,33,2.09069,0.806806,0
2387,33,2.03498,0.797096,0
2388,33,1.98653,0.789257,0
2390,33,1.94085,0.784506,0
2392,33,1.89572,0.776386,0
2394,33,1.85038,0.772972,0
2398,33,1.78119,0.771666,0
2400,33,1.74129,0.77206,0
2402,33,1.70788,0.774018,0
2404,33,1.67091,0.773945,0
2406,33,1.63229,0.773768,0
2408,33,1.59534,0.774184,0
2410,33,1.55608,0.772219,0
2412,33,1.52135,0.765948,0
2414,33,1.4919,0.753411,0
2416,33,1.46661,0.742453,0
2419,33,1.43885,0.724183,0
2420,33,1.40998,0.702788,0
2422,33,1.38167,0.680493,0
2424,33,1.35206,0.655074,0
2427,33,1.30898,0.611878,0
2429,33,1.28108,0.579973,0
2431,33,1.25135,0.542837,0
2433,33,1.22137,0.503351,0
2435,33,1.19116,0.462635,0
2437,33,1.16866,0.42355,0
2439,33,1.14809,0.383537,0
2441,33,1.13112,0.347061,0
2443,33,1.11961,0.323436,0
2445,33,1.0967,0.280922,0
2472,138,1.37321,0.312294,0
2474,138,1.35623,0.282354,0
2477,138,1.33173,0.235303,0
2479,138,1.31198,0.207958,0
2540,143,4.42952,1.82849,0
2543,11,3.76252,2.28595,0
2543,143,4.36249,1.77558,0
2545,143,4.3342,1.7581,0
2548,143,4.25376,1.73441,0
2550,143,4.15437,1.71932,0
2553,143,4.08946,1.71998,0
2555,143,4.0001,1.70768,0
2558,143,3.94751,1.69834,0
2561,143,3.8561,1.67267,0
2561,14,4.90507,1.01567,0
2563,143,3.77819,1.64343,0
2566,143,3.70165,1.61763,0
2568,143,3.65921,1.61043,0
2568,116,4.71158,-1.4047,0
2570,143,3.57788,1.60927,0
2575,143,3.44155,1.61571,0
2582,116,4.39536,-1.29074,0
2594,143,3.12289,1.83504,0
2594,116,4.19216,-1.08169,0
2596,116,4.17938,-1.07345,0
2598,116,4.16971,-1.04923,0
2601,143,3.04634,1.85941,0
2603,143,3.02875,1.85099,0
2606,116,4.0545,-1.05473,0
2606,143,3.01701,1.85805,0
2614,12,3.45079,1.95812,0
2614,14,4.00354,1.30009,0
2614,116,4.02238,-1.04609,0
2617,116,3.95688,-1.01366,0
2619,12,3.43234,1.95949,0
2619,116,4.00282,-1.05049,0
2619,14,3.99918,1.30502,0
2622,12,3.43201,1.95705,0
2622,116,4.01084,-1.0558,0
2622,14,3.99889,1.30205,0
2624,12,3.42966,1.96628,0
2624,116,4.00908,-1.04187,0
2624,14,3.99627,1.31296,0
2627,12,3.40332,1.96288,0
2627,116,3.93568,-1.02139,0
2627,14,3.93991,1.3038,0
2631,116,3.92777,-1.02049,0
2636,12,3.36435,1.9885,0
2636,116,3.93276,-1.01973,0
2636,14,3.92375,1.3371,0
2638,12,3.36134,1.98844,0
2638,13,3.88306,1.76762,0
2638,116,3.9225,-1.01989,0
2638,14,3.91535,1.33481,0
2641,124,4.54664,1.81571,0
2641,12,3.35916,1.98883,0
2641,116,3.93112,-1.02014,0
2641,14,3.91973,1.33825,0
2643,12,3.35285,1.97694,0
2643,116,3.9252,-1.02817,0
2643,14,3.92103,1.32908,0
2645,122,4.09662,-2.71889,0
2645,12,3.35779,1.98186,0
2645,13,3.89373,1.76638,0
2645,116,3.92327,-1.02556,0
2645,14,3.92127,1.33127,0
2648,12,3.36359,1.98496,0
2648,13,3.89877,1.76839,0
2648,116,3.92215,-1.02553,0
2648,14,3.91707,1.32947,0
2650,122,4.09768,-2.71943,0
2650,12,3.35975,1.98315,0
2650,13,3.89835,1.76872,0
2650,116,3.92869,-1.02679,0
2650,14,3.91763,1.33024,0
2653,122,4.09986,-2.72081,0
2653,12,3.3595,1.98337,0
2653,13,3.88734,1.76394,0
2653,116,3.92887,-1.02661,0
2653,14,3.91926,1.33105,0
2655,12,3.35575,1.99422,0
2655,116,3.92242,-1.01202,0
2655,14,3.92091,1.34657,0
2658,12,3.33899,1.98773,0
2658,116,3.9109,-1.01974,0
2658,14,3.89868,1.33803,0
2660,12,3.3133,1.98803,0
2660,116,3.87937,-1.02212,0
2660,14,3.8737,1.33797,0
2663,12,3.28912,1.98717,0
2663,13,3.81127,1.76735,0
2663,116,3.84727,-1.0222,0
2663,14,3.84693,1.33671,0
2665,12,3.25064,1.97588,0
2665,116,3.81135,-1.03984,0
2665,14,3.80332,1.32136,0
2667,12,3.22969,1.96854,0
2667,116,3.78974,-1.05161,0
2667,14,3.78377,1.31247,0
2670,12,3.19491,1.9575,0
2670,13,3.71649,1.73338,0
2670,116,3.75376,-1.06612,0
2670,14,3.7463,1.30016,0
2673,12,3.16363,1.95171,0
2673,13,3.69388,1.73239,0
2673,116,3.71997,-1.06965,0
2673,14,3.71485,1.29552,0
2675,12,3.11501,1.94044,0
2675,13,3.65752,1.72694,0
2675,116,3.66756,-1.07971,0
2675,14,3.66718,1.28519,0
2678,12,3.09449,1.9368,0
2678,13,3.60996,1.70583,0
2678,116,3.63685,-1.0976,0
2678,14,3.63175,1.26965,0
2680,13,3.56176,1.69825,0
2680,116,3.58278,-1.10576,0
2680,14,3.58307,1.26149,0
2682,13,3.52846,1.69627,0
2682,116,3.54398,-1.10649,0
2682,14,3.55252,1.26066,0
2685,13,3.48388,1.70369,0
2685,116,3.49677,-1.10665,0
2685,14,3.50089,1.26521,0
2687,116,3.46123,-1.10083,0
2687,14,3.46607,1.27046,0
2690,116,3.41514,-1.08267,0
2690,14,3.41954,1.2905,0
2692,116,3.38341,-1.0661,0
2692,14,3.38969,1.30731,0
2695,116,3.33828,-1.04011,0
2695,14,3.34748,1.33245,0
2697,116,3.29708,-1.00533,0
2700,116,3.27661,-0.977657,0
2702,116,3.24044,-0.937184,0
2705,116,3.22118,-0.905933,0
2707,116,3.17988,-0.840073,0
2710,116,3.14659,-0.791565,0
2723,122,3.24175,-2.133,0
2723,116,2.89391,-0.400848,0
2725,122,3.19971,-2.08464,0
2725,116,2.84144,-0.34373,0
2728,122,3.13956,-2.03473,0
2728,116,2.78293,-0.295803,0
2730,122,3.10573,-2.01042,0
2730,116,2.73637,-0.26759,0
2733,122,3.04774,-1.97981,0
2733,116,2.66909,-0.235911,0
2735,122,3.01126,-1.96667,0
2735,116,2.62553,-0.220005,0
2738,122,2.96939,-1.95608,0
2738,116,2.56036,-0.198156,0
2741,116,2.49749,-0.181076,0
2743,116,2.43211,-0.168557,0
2746,116,2.38652,-0.163825,0
2748,116,2.3202,-0.15588,0
2751,116,2.25198,-0.145065,0
2754,116,2.20867,-0.136435,0
2757,116,2.13673,-0.120628,0
2759,116,2.06759,-0.105381,0
2762,116,2.02007,-0.0928043,0
2764,116,1.94864,-0.0749888,0
2767,116,1.87614,-0.0552295,0
2770,116,1.80664,-0.0335611,0
2772,116,1.76184,-0.0178287,0
2775,116,1.69248,0.00347963,0
2778,116,1.62491,0.0251937,0
2781,116,1.558,0.0433846,0
2783,116,1.49095,0.0601874,0
2786,116,1.44647,0.0706009,0
2789,116,1.38508,0.0819366,0
2789,209,4.66524,1.09408,0
2792,116,1.32386,0.0920208,0
2792,209,4.60904,1.11801,0
2794,116,1.26555,0.0963393,0
2794,209,4.55635,1.12781,0
2797,116,1.20779,0.101575,0
2800,116,1.16969,0.100582,0
2802,116,1.11532,0.10132,0
2805,116,1.06174,0.0924221,0
2807,116,1.0289,0.0883114,0
2810,116,0.980051,0.0851235,0
2812,116,0.946679,0.0784628,0
2815,116,0.896466,0.0712702,0
2817,116,0.841542,0.0640135,0
2820,116,0.801417,0.0611186,0
2822,116,0.745708,0.0552766,0
2824,116,0.713612,0.0538978,0
2827,116,0.688372,0.0541873,0
2829,116,0.660978,0.0580578,0
2831,116,0.649283,0.0601478,0
2834,116,0.638469,0.0626719,0
2837,116,0.632809,0.0662816,0
2839,116,0.616159,0.0769234,0
2841,116,0.599831,0.0858073,0
2844,116,0.572718,0.104418,0
2896,125,2.50771,-0.929563,0
2900,125,2.49674,-0.924843,0
2903,125,2.48916,-0.913232,0
2906,125,2.46775,-0.862979,0
2910,125,2.42745,-0.797525,0
2913,125,2.40496,-0.755721,0
2917,125,2.39824,-0.753759,0
2920,125,2.39873,-0.754545,0
2924,125,2.39732,-0.748009,0
2927,125,2.39671,-0.746612,0
2930,125,2.39736,-0.746878,0
2933,125,2.39823,-0.747114,0
2937,125,2.39782,-0.747111,0
2940,125,2.39726,-0.746912,0
2944,125,2.39734,-0.747053,0
2947,125,2.39772,-0.74707,0
2951,125,2.39746,-0.747008,0
2954,125,2.39697,-0.746856,0
2958,125,2.39744,-0.747024,0
2961,125,2.39753,-0.747014,0
2965,125,2.39788,-0.747183,0
2968,125,2.39661,-0.746668,0
2972,125,2.39753,-0.747051,0
2975,125,2.39735,-0.746967,0
2979,125,2.39663,-0.74674,0
2982,125,2.39846,-0.747333,0
2985,125,2.39652,-0.746691,0
2989,125,2.39831,-0.747283,0
2993,125,2.39771,-0.747025,0
2997,125,2.3974,-0.746996,0
3000,125,2.39726,-0.746913,0
3004,125,2.39756,-0.747049,0
3007,125,2.39726,-0.746922,0
3011,125,2.39716,-0.746948,0
3014,125,2.39655,-0.746608,0
3018,125,2.39742,-0.747058,0
3021,125,2.39654,-0.746645,0
3025,125,2.39704,-0.746883,0
3028,125,2.39659,-0.74671,0
3032,125,2.39623,-0.746594,0
3036,125,2.39746,-0.747,0
3039,125,2.39713,-0.746898,0
3043,125,2.39653,-0.746711,0
3046,125,2.39726,-0.746853,0
3050,125,2.40007,-0.749588,0
3053,125,2.36833,-0.714068,0
3057,125,2.31355,-0.666013,0
3060,125,2.25525,-0.624772,0
3063,125,2.21976,-0.606688,0
3067,125,2.17253,-0.596223,0
3071,125,2.12235,-0.598081,0
3074,125,2.07387,-0.606108,0
3078,125,2.04051,-0.620448,0
3082,125,2.00648,-0.635456,0
3086,125,1.97804,-0.653612,0
3090,125,1.94893,-0.673672,0
3093,125,1.90973,-0.69898,0
3097,125,1.88448,-0.721731,0
3101,125,1.84866,-0.749465,0
3104,125,1.8163,-0.779646,0
3108,125,1.78641,-0.817646,0
3112,125,1.74724,-0.854175,0
3116,125,1.71017,-0.898525,0
3120,125,1.67875,-0.93254,0
3124,125,1.65069,-0.964141,0
3127,125,1.62343,-0.995413,0
3131,125,1.6028,-1.0221,0
3162,73,4.7438,1.56369,0
3165,73,4.71828,1.50803,0
3165,6,2.67812,-0.752182,0
3168,73,4.69664,1.4707,0
3168,6,2.6633,-0.780231,0
3171,73,4.66886,1.42828,0
3174,73,4.63803,1.3827,0
3174,6,2.6071,-0.833349,0
3177,73,4.6096,1.33831,0
3177,6,2.56652,-0.859928,0
3181,73,4.58652,1.30807,0
3184,6,2.51763,-0.907735,0
3184,73,4.56082,1.26612,0
3187,73,4.54246,1.22757,0
3187,6,2.49356,-0.933218,0
3190,6,2.47305,-0.955072,0
3190,73,4.5114,1.19343,0
3193,6,2.43436,-0.979356,0
3193,73,4.47836,1.15105,0
3196,6,2.40706,-1.00004,0
3196,73,4.45619,1.11622,0
3199,6,2.38378,-1.01733,0
3199,73,4.43988,1.09264,0
3202,6,2.3596,-1.03244,0
3202,73,4.41364,1.06735,0
3205,6,2.33778,-1.04626,0
3205,73,4.39386,1.04247,0
3208,6,2.33378,-1.04895,0
3208,73,4.39302,1.04335,0
3211,6,2.32629,-1.05351,0
3211,73,4.37382,1.02843,0
3214,6,2.3289,-1.03881,0
3214,73,4.38035,1.05789,0
3216,170,2.59748,-1.25784,0
3216,6,2.3277,-1.03987,0
3216,73,4.3888,1.05748,0
3219,170,2.59387,-1.25577,0
3219,6,2.32794,-1.03967,0
3219,73,4.37995,1.05577,0
3222,6,2.32955,-1.03478,0
3222,73,4.38533,1.06716,0
3225,6,2.32289,-1.02881,0
3225,73,4.36999,1.07267,0
3228,6,2.30816,-1.02868,0
3228,73,4.35055,1.0757,0
3231,6,2.27703,-1.01585,0
3231,73,4.3271,1.09826,0
3234,6,2.23638,-0.996454,0
3234,73,4.29344,1.12849,0
3237,6,2.20454,-0.975158,0
3240,6,2.17263,-0.943792,0
3243,6,2.12691,-0.90574,0
3246,6,2.09516,-0.870048,0
3249,6,2.04974,-0.825246,0
3252,6,2.004,-0.78194,0
3255,6,1.97074,-0.74405,0
3258,6,1.92228,-0.700405,0
3261,6,1.87907,-0.662133,0
3264,6,1.83584,-0.615391,0
3268,6,1.79446,-0.576854,0
3271,6,1.75538,-0.537242,0
3275,6,1.70229,-0.482541,0
3278,6,1.66012,-0.44033,0
3282,6,1.60888,-0.383864,0
3285,6,1.56662,-0.341871,0
3289,6,1.50856,-0.28779,0
3293,6,1.46076,-0.241401,0
3296,6,1.41344,-0.19547,0
3300,6,1.36913,-0.158115,0
3304,6,1.32815,-0.130207,0
3308,6,1.26336,-0.107421,0
3312,6,1.19324,-0.096371,0
3316,6,1.1234,-0.095582,0
3320,6,1.06732,-0.0948901,0
3324,6,1.01542,-0.0962389,0
3327,6,0.969916,-0.0972429,0
3331,6,0.935578,-0.0984229,0
3335,6,0.892572,-0.100752,0
3338,6,0.869401,-0.103493,0
